Workbook

Sheet Wind Tunnel Beta=24.5deg data
A1: This sheet contains data for beta_0=24.5 degrees
A2: Taken from figure 5 of:
A3: 19670025554.pdf
A4: Data as per source: | G4: Converted to momentum-based coefficients:
A5: J | B5: C_T | C5: C_P | D5: Eta | G5: J | H5: T_C | I5: P_C | J5: Eta
A6: 0.3 | B6: 0.3737 | C6: 0.2412 | D6: =Table1[[#This Row],[C_T]]/Table1[[#This Row],[C_P]]*Table1[[#This Row],[J]] -> 0.464801 | G6: =Table1[[#This Row],[J]] -> 0.3 | H6: =Table1[[#This Row],[C_T]]*2/POWER(Table1[[#This Row],[J]],2) -> 8.3044444 | I6: =Table1[[#This Row],[C_P]]*2/POWER(Table2[[#This Row],[J]],3) -> 17.866667 | J6: =Table2[[#This Row],[T_C]]/Table2[[#This Row],[P_C]] -> 0.464801
A7: 0.35 | B7: 0.35 | C7: 0.2365 | D7: =Table1[[#This Row],[C_T]]/Table1[[#This Row],[C_P]]*Table1[[#This Row],[J]] -> 0.5179704 | G7: =Table1[[#This Row],[J]] -> 0.35 | H7: =Table1[[#This Row],[C_T]]*2/POWER(Table1[[#This Row],[J]],2) -> 5.7142857 | I7: =Table1[[#This Row],[C_P]]*2/POWER(Table2[[#This Row],[J]],3) -> 11.03207 | J7: =Table2[[#This Row],[T_C]]/Table2[[#This Row],[P_C]] -> 0.5179704
A8: 0.4 | B8: 0.32 | C8: 0.2291 | D8: =Table1[[#This Row],[C_T]]/Table1[[#This Row],[C_P]]*Table1[[#This Row],[J]] -> 0.55870799 | G8: =Table1[[#This Row],[J]] -> 0.4 | H8: =Table1[[#This Row],[C_T]]*2/POWER(Table1[[#This Row],[J]],2) -> 4 | I8: =Table1[[#This Row],[C_P]]*2/POWER(Table2[[#This Row],[J]],3) -> 7.159375 | J8: =Table2[[#This Row],[T_C]]/Table2[[#This Row],[P_C]] -> 0.55870799
A9: 0.45 | B9: 0.296 | C9: 0.2217 | D9: =Table1[[#This Row],[C_T]]/Table1[[#This Row],[C_P]]*Table1[[#This Row],[J]] -> 0.60081191 | G9: =Table1[[#This Row],[J]] -> 0.45 | H9: =Table1[[#This Row],[C_T]]*2/POWER(Table1[[#This Row],[J]],2) -> 2.9234568 | I9: =Table1[[#This Row],[C_P]]*2/POWER(Table2[[#This Row],[J]],3) -> 4.8658436 | J9: =Table2[[#This Row],[T_C]]/Table2[[#This Row],[P_C]] -> 0.60081191
A10: 0.5 | B10: 0.27 | C10: 0.2144 | D10: =Table1[[#This Row],[C_T]]/Table1[[#This Row],[C_P]]*Table1[[#This Row],[J]] -> 0.62966418 | G10: =Table1[[#This Row],[J]] -> 0.5 | H10: =Table1[[#This Row],[C_T]]*2/POWER(Table1[[#This Row],[J]],2) -> 2.16 | I10: =Table1[[#This Row],[C_P]]*2/POWER(Table2[[#This Row],[J]],3) -> 3.4304 | J10: =Table2[[#This Row],[T_C]]/Table2[[#This Row],[P_C]] -> 0.62966418
A11: 0.55 | B11: 0.246 | C11: 0.204 | D11: =Table1[[#This Row],[C_T]]/Table1[[#This Row],[C_P]]*Table1[[#This Row],[J]] -> 0.66323529 | G11: =Table1[[#This Row],[J]] -> 0.55 | H11: =Table1[[#This Row],[C_T]]*2/POWER(Table1[[#This Row],[J]],2) -> 1.6264463 | I11: =Table1[[#This Row],[C_P]]*2/POWER(Table2[[#This Row],[J]],3) -> 2.4522915 | J11: =Table2[[#This Row],[T_C]]/Table2[[#This Row],[P_C]] -> 0.66323529
A12: 0.6 | B12: 0.22 | C12: 0.1925 | D12: =Table1[[#This Row],[C_T]]/Table1[[#This Row],[C_P]]*Table1[[#This Row],[J]] -> 0.68571429 | G12: =Table1[[#This Row],[J]] -> 0.6 | H12: =Table1[[#This Row],[C_T]]*2/POWER(Table1[[#This Row],[J]],2) -> 1.2222222 | I12: =Table1[[#This Row],[C_P]]*2/POWER(Table2[[#This Row],[J]],3) -> 1.7824074 | J12: =Table2[[#This Row],[T_C]]/Table2[[#This Row],[P_C]] -> 0.68571429
A16: Disclaimer:
A17: The developed UDC uses the tip station as reference, while the wind tunnel test data uses the 75% span station as reference.
A18: In the experimental data, the set angle of 29 degrees corresponds to a tip angle of 24.5 degrees
A19: Similarly, the set angle of 19 degrees corresponds to a tip angle of 14.5 degrees
A22: The UDC internally uses the momentum-based force and power coefficients T_C and P_C.
A23: For the purposes of validation, these are converted to C_T and C_P using the below equations
A24: To convert C_T to T_C, the following conversion is used:
A25: T_C=C_T*2/J^2
A26: To convert C_P to P_C, the following conversion is used:
A27: P_C = C_P*2/J^3

Sheet Wind Tunnel Beta=14.5deg data
A1: This sheet contains data for beta_0=14.5 degrees
A2: Taken from figure 5 of:
A3: 19670025554.pdf
A4: Data as per source: | G4: Converted to momentum-based coefficients:
A5: J | B5: C_T | C5: C_P | D5: Eta | G5: J | H5: T_C | I5: P_C | J5: Eta
A6: 0.3 | B6: 0.1695 | C6: 0.09384 | D6: =Table14[[#This Row],[C_T]]/Table14[[#This Row],[C_P]]*Table14[[#This Row],[J]] -> 0.5418798 | G6: =Table14[[#This Row],[J]] -> 0.3 | H6: =Table14[[#This Row],[C_T]]*2/POWER(Table14[[#This Row],[J]],2) -> 3.7666667 | I6: =Table14[[#This Row],[C_P]]*2/POWER(Table25[[#This Row],[J]],3) -> 6.9511111 | J6: =Table25[[#This Row],[T_C]]/Table25[[#This Row],[P_C]] -> 0.5418798
A7: 0.35 | B7: 0.1495 | C7: 0.0902 | D7: =Table14[[#This Row],[C_T]]/Table14[[#This Row],[C_P]]*Table14[[#This Row],[J]] -> 0.58009978 | G7: =Table14[[#This Row],[J]] -> 0.35 | H7: =Table14[[#This Row],[C_T]]*2/POWER(Table14[[#This Row],[J]],2) -> 2.4408163 | I7: =Table14[[#This Row],[C_P]]*2/POWER(Table25[[#This Row],[J]],3) -> 4.2075802 | J7: =Table25[[#This Row],[T_C]]/Table25[[#This Row],[P_C]] -> 0.58009978
A8: 0.4 | B8: 0.1307 | C8: 0.08544 | D8: =Table14[[#This Row],[C_T]]/Table14[[#This Row],[C_P]]*Table14[[#This Row],[J]] -> 0.61189139 | G8: =Table14[[#This Row],[J]] -> 0.4 | H8: =Table14[[#This Row],[C_T]]*2/POWER(Table14[[#This Row],[J]],2) -> 1.63375 | I8: =Table14[[#This Row],[C_P]]*2/POWER(Table25[[#This Row],[J]],3) -> 2.67 | J8: =Table25[[#This Row],[T_C]]/Table25[[#This Row],[P_C]] -> 0.61189139
A9: 0.45 | B9: 0.1119 | C9: 0.07919 | D9: =Table14[[#This Row],[C_T]]/Table14[[#This Row],[C_P]]*Table14[[#This Row],[J]] -> 0.63587574 | G9: =Table14[[#This Row],[J]] -> 0.45 | H9: =Table14[[#This Row],[C_T]]*2/POWER(Table14[[#This Row],[J]],2) -> 1.1051852 | I9: =Table14[[#This Row],[C_P]]*2/POWER(Table25[[#This Row],[J]],3) -> 1.7380521 | J9: =Table25[[#This Row],[T_C]]/Table25[[#This Row],[P_C]] -> 0.63587574
A10: 0.5 | B10: 0.08935 | C10: 0.07182 | D10: =Table14[[#This Row],[C_T]]/Table14[[#This Row],[C_P]]*Table14[[#This Row],[J]] -> 0.62204121 | G10: =Table14[[#This Row],[J]] -> 0.5 | H10: =Table14[[#This Row],[C_T]]*2/POWER(Table14[[#This Row],[J]],2) -> 0.7148 | I10: =Table14[[#This Row],[C_P]]*2/POWER(Table25[[#This Row],[J]],3) -> 1.14912 | J10: =Table25[[#This Row],[T_C]]/Table25[[#This Row],[P_C]] -> 0.62204121
A11: 0.55 | B11: 0.07182 | C11: 0.06447 | D11: =Table14[[#This Row],[C_T]]/Table14[[#This Row],[C_P]]*Table14[[#This Row],[J]] -> 0.61270358 | G11: =Table14[[#This Row],[J]] -> 0.55 | H11: =Table14[[#This Row],[C_T]]*2/POWER(Table14[[#This Row],[J]],2) -> 0.47484298 | I11: =Table14[[#This Row],[C_P]]*2/POWER(Table25[[#This Row],[J]],3) -> 0.77499624 | J11: =Table25[[#This Row],[T_C]]/Table25[[#This Row],[P_C]] -> 0.61270358
A12: 0.6 | B12: 0.05 | C12: 0.0582 | D12: =Table14[[#This Row],[C_T]]/Table14[[#This Row],[C_P]]*Table14[[#This Row],[J]] -> 0.51546392 | G12: =Table14[[#This Row],[J]] -> 0.6 | H12: =Table14[[#This Row],[C_T]]*2/POWER(Table14[[#This Row],[J]],2) -> 0.27777778 | I12: =Table14[[#This Row],[C_P]]*2/POWER(Table25[[#This Row],[J]],3) -> 0.53888889 | J12: =Table25[[#This Row],[T_C]]/Table25[[#This Row],[P_C]] -> 0.51546392
A16: Disclaimer:
A17: The developed UDC uses the tip station as reference, while the wind tunnel test data uses the 75% span station as reference.
A18: In the experimental data, the set angle of 29 degrees corresponds to a tip angle of 24.5 degrees
A19: Similarly, the set angle of 19 degrees corresponds to a tip angle of 14.5 degrees
A22: The UDC internally uses the momentum-based force and power coefficients T_C and P_C.
A23: For the purposes of validation, these are converted to C_T and C_P using the below equations
A24: To convert C_T to T_C, the following conversion is used:
A25: T_C=C_T*2/J^2
A26: To convert C_P to P_C, the following conversion is used:
A27: P_C = C_P*2/J^3

Sheet UDC results
F1: MTFLOW | G1: beta0=24.5 degrees at the blade tip | P1: Fan Diameter | Q1: =CONVERT(7,"ft","m") -> 2.1336 | R1: meters | Z1: Legend
F2: OMEGA | G2: V | H2: RPS | I2: J | J2: TC | K2: PC | L2: EtaP | M2: CT | N2: CP | O2: CT_error | P2: CP_error | AA2: Fully converged viscous analysis
F3: =H3*2*PI()*$Q$1/G3 -> 20.943951 | G3: 26 | H3: =G3/(I3*$Q$1) -> 40.619923 | I3: 0.3 | L3: =J3/K3 -> #DIV/0! | M3: =J3*POWER(I3,2)/2 -> 0 | N3: =K3*POWER(I3,3)/2 -> 0 | O3: =ABS(M3-'Wind Tunnel Beta=24.5deg data'!B6) -> 0.3737 | P3: =ABS(N3-'Wind Tunnel Beta=24.5deg data'!C6) -> 0.2412 | AA3: Partially converged viscous analysis - see cell-comment for details
F4: =H4*2*PI()*$Q$1/G4 -> 17.951958 | G4: 26 | H4: =G4/(I4*$Q$1) -> 34.817076 | I4: 0.35 | L4: =J4/K4 -> #DIV/0! | M4: =J4*POWER(I4,2)/2 -> 0 | N4: =K4*POWER(I4,3)/2 -> 0 | O4: =ABS(M4-'Wind Tunnel Beta=24.5deg data'!B7) -> 0.35 | P4: =ABS(N4-'Wind Tunnel Beta=24.5deg data'!C7) -> 0.2365 | AA4: Inviscid analysis only
F5: =H5*2*PI()*$Q$1/G5 -> 15.707963 | G5: 26 | H5: =G5/(I5*$Q$1) -> 30.464942 | I5: 0.4 | J5: 4.0869 | K5: 6.3601 | L5: =J5/K5 -> 0.64258424 | M5: =J5*POWER(I5,2)/2 -> 0.326952 | N5: =K5*POWER(I5,3)/2 -> 0.2035232 | O5: =ABS(M5-'Wind Tunnel Beta=24.5deg data'!B8) -> 0.006952 | P5: =ABS(N5-'Wind Tunnel Beta=24.5deg data'!C8) -> 0.0255768 | AA5: No analysis outputs obtained
F6: =H6*2*PI()*$Q$1/G6 -> 13.962634 | G6: 26 | H6: =G6/(I6*$Q$1) -> 27.079948 | I6: 0.45 | J6: 2.6292 | K6: 4.5551 | L6: =J6/K6 -> 0.57719918 | M6: =J6*POWER(I6,2)/2 -> 0.2662065 | N6: =K6*POWER(I6,3)/2 -> 0.20754174 | O6: =ABS(M6-'Wind Tunnel Beta=24.5deg data'!B9) -> 0.0297935 | P6: =ABS(N6-'Wind Tunnel Beta=24.5deg data'!C9) -> 0.014158256
F7: =H7*2*PI()*$Q$1/G7 -> 12.566371 | G7: 26 | H7: =G7/(I7*$Q$1) -> 24.371954 | I7: 0.5 | J7: 2.216 | K7: 3.1611 | L7: =J7/K7 -> 0.7010218 | M7: =J7*POWER(I7,2)/2 -> 0.277 | N7: =K7*POWER(I7,3)/2 -> 0.19756875 | O7: =ABS(M7-'Wind Tunnel Beta=24.5deg data'!B10) -> 0.007 | P7: =ABS(N7-'Wind Tunnel Beta=24.5deg data'!C10) -> 0.01683125
F8: =H8*2*PI()*$Q$1/G8 -> 11.423973 | G8: 26 | H8: =G8/(I8*$Q$1) -> 22.156321 | I8: 0.55 | J8: 1.6823 | K8: 2.2736 | L8: =J8/K8 -> 0.73992787 | M8: =J8*POWER(I8,2)/2 -> 0.25444788 | N8: =K8*POWER(I8,3)/2 -> 0.1891351 | O8: =ABS(M8-'Wind Tunnel Beta=24.5deg data'!B11) -> 0.008447875 | P8: =ABS(N8-'Wind Tunnel Beta=24.5deg data'!C11) -> 0.0148649
F9: =H9*2*PI()*$Q$1/G9 -> 10.471976 | G9: 26 | H9: =G9/(I9*$Q$1) -> 20.309961 | I9: 0.6 | J9: 1.2921 | K9: 1.6723 | L9: =J9/K9 -> 0.77264845 | M9: =J9*POWER(I9,2)/2 -> 0.232578 | N9: =K9*POWER(I9,3)/2 -> 0.1806084 | O9: =ABS(M9-'Wind Tunnel Beta=24.5deg data'!B12) -> 0.012578 | P9: =ABS(N9-'Wind Tunnel Beta=24.5deg data'!C12) -> 0.0118916
F11: MTFLOW | G11: beta0=14.5 degrees at the blade tip
F12: OMEGA | G12: V | H12: RPS | I12: J | J12: TC | K12: PC | L12: EtaP | M12: CT | N12: CP | O12: CT_error | P12: CP_error
F13: =H13*2*PI()*$Q$1/G13 -> 20.943951 | G13: 26 | H13: =G13/(I13*$Q$1) -> 40.619923 | I13: 0.3 | J13: 3.7997 | K13: 6.215 | L13: =J13/K13 -> 0.6113757 | M13: =J13*POWER(I13,2)/2 -> 0.1709865 | N13: =K13*POWER(I13,3)/2 -> 0.0839025 | O13: =ABS(M13-'Wind Tunnel Beta=14.5deg data'!B6) -> 0.0014865 | P13: =ABS(N13-'Wind Tunnel Beta=14.5deg data'!C6) -> 0.0099375
F14: =H14*2*PI()*$Q$1/G14 -> 17.951958 | G14: 26 | H14: =G14/(I14*$Q$1) -> 34.817076 | I14: 0.35 | J14: 2.4799 | K14: 3.6672 | L14: =J14/K14 -> 0.676238 | M14: =J14*POWER(I14,2)/2 -> 0.15189387 | N14: =K14*POWER(I14,3)/2 -> 0.0786156 | O14: =ABS(M14-'Wind Tunnel Beta=14.5deg data'!B7) -> 0.002393875 | P14: =ABS(N14-'Wind Tunnel Beta=14.5deg data'!C7) -> 0.0115844
F15: =H15*2*PI()*$Q$1/G15 -> 15.707963 | G15: 26 | H15: =G15/(I15*$Q$1) -> 30.464942 | I15: 0.4 | J15: 1.6433 | K15: 2.2458 | L15: =J15/K15 -> 0.73172144 | M15: =J15*POWER(I15,2)/2 -> 0.131464 | N15: =K15*POWER(I15,3)/2 -> 0.0718656 | O15: =ABS(M15-'Wind Tunnel Beta=14.5deg data'!B8) -> 0.000764 | P15: =ABS(N15-'Wind Tunnel Beta=14.5deg data'!C8) -> 0.0135744
F16: =H16*2*PI()*$Q$1/G16 -> 13.962634 | G16: 26 | H16: =G16/(I16*$Q$1) -> 27.079948 | I16: 0.45 | J16: 1.0667 | K16: 1.3711 | L16: =J16/K16 -> 0.77798848 | M16: =J16*POWER(I16,2)/2 -> 0.10800337 | N16: =K16*POWER(I16,3)/2 -> 0.062470744 | O16: =ABS(M16-'Wind Tunnel Beta=14.5deg data'!B9) -> 0.003896625 | P16: =ABS(N16-'Wind Tunnel Beta=14.5deg data'!C9) -> 0.016719256
F17: =H17*2*PI()*$Q$1/G17 -> 12.566371 | G17: 50.4 | H17: =G17/(I17*$Q$1) -> 47.244094 | I17: 0.5 | J17: 0.69444 | K17: 0.86234 | L17: =J17/K17 -> 0.80529721 | M17: =J17*POWER(I17,2)/2 -> 0.086805 | N17: =K17*POWER(I17,3)/2 -> 0.05389625 | O17: =ABS(M17-'Wind Tunnel Beta=14.5deg data'!B10) -> 0.002545 | P17: =ABS(N17-'Wind Tunnel Beta=14.5deg data'!C10) -> 0.01792375
F18: =H18*2*PI()*$Q$1/G18 -> 11.423973 | G18: 51.0441 | H18: =G18/(I18*$Q$1) -> 43.498057 | I18: 0.55 | J18: 0.45102 | K18: 0.54492 | L18: =J18/K18 -> 0.82768113 | M18: =J18*POWER(I18,2)/2 -> 0.068216775 | N18: =K18*POWER(I18,3)/2 -> 0.045330533 | O18: =ABS(M18-'Wind Tunnel Beta=14.5deg data'!B11) -> 0.003603225 | P18: =ABS(N18-'Wind Tunnel Beta=14.5deg data'!C11) -> 0.019139467
F19: =H19*2*PI()*$Q$1/G19 -> 10.471976 | G19: 26 | H19: =G19/(I19*$Q$1) -> 20.309961 | I19: 0.6 | J19: 0.25599 | K19: 0.31277 | L19: =J19/K19 -> 0.81846085 | M19: =J19*POWER(I19,2)/2 -> 0.0460782 | N19: =K19*POWER(I19,3)/2 -> 0.03377916 | O19: =ABS(M19-'Wind Tunnel Beta=14.5deg data'!B12) -> 0.0039218 | P19: =ABS(N19-'Wind Tunnel Beta=14.5deg data'!C12) -> 0.02442084
